"DrugName","Target","UniProt"
"ABCIXIMAB","Integrin alpha-IIb/beta-3","P05106"
"OMEPRAZOLE","Potassium-transporting ATPase","P20648"
"DEXLANSOPRAZOLE","Potassium-transporting ATPase","P20648"
"OMEPRAZOLE MAGNESIUM","Potassium-transporting ATPase","P20648"
"RABEPRAZOLE SODIUM","Potassium-transporting ATPase","P20648"
"PANTOPRAZOLE SODIUM","Potassium-transporting ATPase","P20648"
"LANSOPRAZOLE","Potassium-transporting ATPase","P20648"
"ESOMEPRAZOLE SODIUM","Potassium-transporting ATPase","P20648"
"ESOMEPRAZOLE MAGNESIUM","Potassium-transporting ATPase","P20648"
"TRASTUZUMAB EMTANSINE","Tubulin","P68371"
"TRASTUZUMAB EMTANSINE","Tubulin","Q9H4B7"
"TRASTUZUMAB EMTANSINE","Tubulin","Q13509"
"TRASTUZUMAB EMTANSINE","Tubulin","P04350"
"TRASTUZUMAB EMTANSINE","Tubulin","Q3ZCM7"
"TRASTUZUMAB EMTANSINE","Tubulin","P07437"
"TRASTUZUMAB EMTANSINE","Tubulin","Q13885"
"TRASTUZUMAB EMTANSINE","Tubulin","Q9BVA1"
"TRASTUZUMAB EMTANSINE","Tubulin","Q9BUF5"
"BRENTUXIMAB VEDOTIN","Tubulin","P68371"
"BRENTUXIMAB VEDOTIN","Tubulin","Q9H4B7"
"BRENTUXIMAB VEDOTIN","Tubulin","Q13509"
"BRENTUXIMAB VEDOTIN","Tubulin","P04350"
"BRENTUXIMAB VEDOTIN","Tubulin","Q3ZCM7"
"BRENTUXIMAB VEDOTIN","Tubulin","P07437"
"BRENTUXIMAB VEDOTIN","Tubulin","Q13885"
"BRENTUXIMAB VEDOTIN","Tubulin","Q9BVA1"
"BRENTUXIMAB VEDOTIN","Tubulin","Q9BUF5"
"PACLITAXEL","Tubulin","P68371"
"PACLITAXEL","Tubulin","Q9H4B7"
"PACLITAXEL","Tubulin","Q13509"
"PACLITAXEL","Tubulin","P04350"
"PACLITAXEL","Tubulin","Q3ZCM7"
"PACLITAXEL","Tubulin","P07437"
"PACLITAXEL","Tubulin","Q13885"
"PACLITAXEL","Tubulin","Q9BVA1"
"PACLITAXEL","Tubulin","Q9BUF5"
"DOCETAXEL","Tubulin","P68371"
"DOCETAXEL","Tubulin","Q9H4B7"
"DOCETAXEL","Tubulin","Q13509"
"DOCETAXEL","Tubulin","P04350"
"DOCETAXEL","Tubulin","Q3ZCM7"
"DOCETAXEL","Tubulin","P07437"
"DOCETAXEL","Tubulin","Q13885"
"DOCETAXEL","Tubulin","Q9BVA1"
"DOCETAXEL","Tubulin","Q9BUF5"
"ERIBULIN MESYLATE","Tubulin","P68371"
"ERIBULIN MESYLATE","Tubulin","Q9H4B7"
"ERIBULIN MESYLATE","Tubulin","Q13509"
"ERIBULIN MESYLATE","Tubulin","P04350"
"ERIBULIN MESYLATE","Tubulin","Q3ZCM7"
"ERIBULIN MESYLATE","Tubulin","P07437"
"ERIBULIN MESYLATE","Tubulin","Q13885"
"ERIBULIN MESYLATE","Tubulin","Q9BVA1"
"ERIBULIN MESYLATE","Tubulin","Q9BUF5"
"CABAZITAXEL","Tubulin","P68371"
"CABAZITAXEL","Tubulin","Q9H4B7"
"CABAZITAXEL","Tubulin","Q13509"
"CABAZITAXEL","Tubulin","P04350"
"CABAZITAXEL","Tubulin","Q3ZCM7"
"CABAZITAXEL","Tubulin","P07437"
"CABAZITAXEL","Tubulin","Q13885"
"CABAZITAXEL","Tubulin","Q9BVA1"
"CABAZITAXEL","Tubulin","Q9BUF5"
"COLCHICINE","Tubulin","P68371"
"COLCHICINE","Tubulin","Q9H4B7"
"COLCHICINE","Tubulin","Q13509"
"COLCHICINE","Tubulin","P04350"
"COLCHICINE","Tubulin","Q3ZCM7"
"COLCHICINE","Tubulin","P07437"
"COLCHICINE","Tubulin","Q13885"
"COLCHICINE","Tubulin","Q9BVA1"
"COLCHICINE","Tubulin","Q9BUF5"
"IXABEPILONE","Tubulin","P68371"
"IXABEPILONE","Tubulin","Q9H4B7"
"IXABEPILONE","Tubulin","Q13509"
"IXABEPILONE","Tubulin","P04350"
"IXABEPILONE","Tubulin","Q3ZCM7"
"IXABEPILONE","Tubulin","P07437"
"IXABEPILONE","Tubulin","Q13885"
"IXABEPILONE","Tubulin","Q9BVA1"
"IXABEPILONE","Tubulin","Q9BUF5"
"VINCRISTINE SULFATE","Tubulin","P68371"
"VINCRISTINE SULFATE","Tubulin","Q9H4B7"
"VINCRISTINE SULFATE","Tubulin","Q13509"
"VINCRISTINE SULFATE","Tubulin","P04350"
"VINCRISTINE SULFATE","Tubulin","Q3ZCM7"
"VINCRISTINE SULFATE","Tubulin","P07437"
"VINCRISTINE SULFATE","Tubulin","Q13885"
"VINCRISTINE SULFATE","Tubulin","Q9BVA1"
"VINCRISTINE SULFATE","Tubulin","Q9BUF5"
"VINORELBINE TARTRATE","Tubulin","P68371"
"VINORELBINE TARTRATE","Tubulin","Q9H4B7"
"VINORELBINE TARTRATE","Tubulin","Q13509"
"VINORELBINE TARTRATE","Tubulin","P04350"
"VINORELBINE TARTRATE","Tubulin","Q3ZCM7"
"VINORELBINE TARTRATE","Tubulin","P07437"
"VINORELBINE TARTRATE","Tubulin","Q13885"
"VINORELBINE TARTRATE","Tubulin","Q9BVA1"
"VINORELBINE TARTRATE","Tubulin","Q9BUF5"
"VINBLASTINE SULFATE","Tubulin","P68371"
"VINBLASTINE SULFATE","Tubulin","Q9H4B7"
"VINBLASTINE SULFATE","Tubulin","Q13509"
"VINBLASTINE SULFATE","Tubulin","P04350"
"VINBLASTINE SULFATE","Tubulin","Q3ZCM7"
"VINBLASTINE SULFATE","Tubulin","P07437"
"VINBLASTINE SULFATE","Tubulin","Q13885"
"VINBLASTINE SULFATE","Tubulin","Q9BVA1"
"VINBLASTINE SULFATE","Tubulin","Q9BUF5"
"NATALIZUMAB","Integrin alpha-4/beta-7","P13612"
"PRAMLINTIDE ACETATE","Amylin receptor AMY1, CALCR/RAMP1","P30988"
"PRAMLINTIDE ACETATE","Amylin receptor AMY3; CALCR/RAMP3","P30988"
"NITROGLYCERIN","Soluble guanylate cyclase","Q02153"
"NITROGLYCERIN","Soluble guanylate cyclase","O75343"
"NITRIC OXIDE","Soluble guanylate cyclase","Q02153"
"NITRIC OXIDE","Soluble guanylate cyclase","O75343"
"SODIUM NITROPRUSSIDE","Soluble guanylate cyclase","Q02153"
"SODIUM NITROPRUSSIDE","Soluble guanylate cyclase","O75343"
"ISOSORBIDE MONONITRATE","Soluble guanylate cyclase","Q02153"
"ISOSORBIDE MONONITRATE","Soluble guanylate cyclase","O75343"
"ISOSORBIDE DINITRATE","Soluble guanylate cyclase","Q02153"
"ISOSORBIDE DINITRATE","Soluble guanylate cyclase","O75343"
"MINOXIDIL","Sulfonylurea receptor 2, Kir6.2","O60706"
"PINACIDIL","Sulfonylurea receptor 2, Kir6.2","O60706"
"TRIAMTERENE","Amiloride-sensitive sodium channel, ENaC","P37088"
"AMILORIDE HYDROCHLORIDE","Amiloride-sensitive sodium channel, ENaC","P37088"
"HYDROXYUREA","Ribonucleoside-diphosphate reductase RR1","P31350"
"CLOFARABINE","Ribonucleoside-diphosphate reductase RR1","P23921"
"GEMCITABINE HYDROCHLORIDE","Ribonucleoside-diphosphate reductase RR1","P23921"
"FLUDARABINE PHOSPHATE","Ribonucleoside-diphosphate reductase RR1","P23921"
"GALLIUM NITRATE","Ribonucleoside-diphosphate reductase RR1","P31350"
"ABCIXIMAB","Integrin alpha-V/beta-3","P05106"
"NATALIZUMAB","Integrin alpha-4/beta-1","P13612"
"LOMITAPIDE MESYLATE","Microsomal triglyceride transfer protein","P55157"
"CARFILZOMIB","26S proteasome","P28074"
"METHOXYFLURANE","Glycine receptor (alpha-1/beta)","P23415"
"DESFLURANE","Glycine receptor (alpha-1/beta)","P23415"
"ENFLURANE","Glycine receptor (alpha-1/beta)","P23415"
"SEVOFLURANE","Glycine receptor (alpha-1/beta)","P23415"
"HALOTHANE","Glycine receptor (alpha-1/beta)","P23415"
"ISOFLURANE","Glycine receptor (alpha-1/beta)","P23415"
"DESLANOSIDE","Sodium/potassium-transporting ATPase","P05023"
"DESLANOSIDE","Sodium/potassium-transporting ATPase","P50993"
"DESLANOSIDE","Sodium/potassium-transporting ATPase","P13637"
"DESLANOSIDE","Sodium/potassium-transporting ATPase","Q13733"
"DIGITOXIN","Sodium/potassium-transporting ATPase","P05023"
"DIGITOXIN","Sodium/potassium-transporting ATPase","P50993"
"DIGITOXIN","Sodium/potassium-transporting ATPase","P13637"
"DIGITOXIN","Sodium/potassium-transporting ATPase","Q13733"
"DIGOXIN","Sodium/potassium-transporting ATPase","P05023"
"DIGOXIN","Sodium/potassium-transporting ATPase","P50993"
"DIGOXIN","Sodium/potassium-transporting ATPase","P13637"
"DIGOXIN","Sodium/potassium-transporting ATPase","Q13733"
"ACETYLDIGITOXIN","Sodium/potassium-transporting ATPase","P05023"
"ACETYLDIGITOXIN","Sodium/potassium-transporting ATPase","P50993"
"ACETYLDIGITOXIN","Sodium/potassium-transporting ATPase","P13637"
"ACETYLDIGITOXIN","Sodium/potassium-transporting ATPase","Q13733"
"FLUMAZENIL","GABA-A receptor; anion channel","P14867"
"FLUMAZENIL","GABA-A receptor; anion channel","P18507"
"FLUMAZENIL","GABA-A receptor; anion channel","Q99928"
"FLUMAZENIL","GABA-A receptor; anion channel","P34903"
"FLUMAZENIL","GABA-A receptor; anion channel","Q8N1C3"
"FLUMAZENIL","GABA-A receptor; anion channel","P47869"
"FLUMAZENIL","GABA-A receptor; anion channel","P31644"
"CLORAZEPATE DIPOTASSIUM","GABA-A receptor; anion channel","P14867"
"CLORAZEPATE DIPOTASSIUM","GABA-A receptor; anion channel","P18507"
"CLORAZEPATE DIPOTASSIUM","GABA-A receptor; anion channel","Q99928"
"CLORAZEPATE DIPOTASSIUM","GABA-A receptor; anion channel","P34903"
"CLORAZEPATE DIPOTASSIUM","GABA-A receptor; anion channel","Q8N1C3"
"CLORAZEPATE DIPOTASSIUM","GABA-A receptor; anion channel","P47869"
"CLORAZEPATE DIPOTASSIUM","GABA-A receptor; anion channel","P31644"
"CHLORDIAZEPOXIDE","GABA-A receptor; anion channel","P14867"
"CHLORDIAZEPOXIDE","GABA-A receptor; anion channel","P18507"
"CHLORDIAZEPOXIDE","GABA-A receptor; anion channel","Q99928"
"CHLORDIAZEPOXIDE","GABA-A receptor; anion channel","P34903"
"CHLORDIAZEPOXIDE","GABA-A receptor; anion channel","Q8N1C3"
"CHLORDIAZEPOXIDE","GABA-A receptor; anion channel","P47869"
"CHLORDIAZEPOXIDE","GABA-A receptor; anion channel","P31644"
"CHLORDIAZEPOXIDE HYDROCHLORIDE","GABA-A receptor; anion channel","P14867"
"CHLORDIAZEPOXIDE HYDROCHLORIDE","GABA-A receptor; anion channel","P18507"
"CHLORDIAZEPOXIDE HYDROCHLORIDE","GABA-A receptor; anion channel","Q99928"
"CHLORDIAZEPOXIDE HYDROCHLORIDE","GABA-A receptor; anion channel","P34903"
"CHLORDIAZEPOXIDE HYDROCHLORIDE","GABA-A receptor; anion channel","Q8N1C3"
"CHLORDIAZEPOXIDE HYDROCHLORIDE","GABA-A receptor; anion channel","P47869"
"CHLORDIAZEPOXIDE HYDROCHLORIDE","GABA-A receptor; anion channel","P31644"
"DIAZEPAM","GABA-A receptor; anion channel","P14867"
"DIAZEPAM","GABA-A receptor; anion channel","P18507"
"DIAZEPAM","GABA-A receptor; anion channel","Q99928"
"DIAZEPAM","GABA-A receptor; anion channel","P34903"
"DIAZEPAM","GABA-A receptor; anion channel","Q8N1C3"
"DIAZEPAM","GABA-A receptor; anion channel","P47869"
"DIAZEPAM","GABA-A receptor; anion channel","P31644"
"ESZOPICLONE","GABA-A receptor; anion channel","P14867"
"ESZOPICLONE","GABA-A receptor; anion channel","P18507"
"ESZOPICLONE","GABA-A receptor; anion channel","Q99928"
"ESZOPICLONE","GABA-A receptor; anion channel","P34903"
"ESZOPICLONE","GABA-A receptor; anion channel","Q8N1C3"
"ESZOPICLONE","GABA-A receptor; anion channel","P47869"
"ESZOPICLONE","GABA-A receptor; anion channel","P31644"
"OXAZEPAM","GABA-A receptor; anion channel","P14867"
"OXAZEPAM","GABA-A receptor; anion channel","P18507"
"OXAZEPAM","GABA-A receptor; anion channel","Q99928"
"OXAZEPAM","GABA-A receptor; anion channel","P34903"
"OXAZEPAM","GABA-A receptor; anion channel","Q8N1C3"
"OXAZEPAM","GABA-A receptor; anion channel","P47869"
"OXAZEPAM","GABA-A receptor; anion channel","P31644"
"MEPROBAMATE","GABA-A receptor; anion channel","P14867"
"MEPROBAMATE","GABA-A receptor; anion channel","P47870"
"MEPROBAMATE","GABA-A receptor; anion channel","P28472"
"MEPROBAMATE","GABA-A receptor; anion channel","P48169"
"MEPROBAMATE","GABA-A receptor; anion channel","P34903"
"MEPROBAMATE","GABA-A receptor; anion channel","P18505"
"MEPROBAMATE","GABA-A receptor; anion channel","P47869"
"MEPROBAMATE","GABA-A receptor; anion channel","P31644"
"MEPROBAMATE","GABA-A receptor; anion channel","Q16445"
"CLOBAZAM","GABA-A receptor; anion channel","P14867"
"CLOBAZAM","GABA-A receptor; anion channel","P18507"
"CLOBAZAM","GABA-A receptor; anion channel","Q99928"
"CLOBAZAM","GABA-A receptor; anion channel","P34903"
"CLOBAZAM","GABA-A receptor; anion channel","Q8N1C3"
"CLOBAZAM","GABA-A receptor; anion channel","P47869"
"CLOBAZAM","GABA-A receptor; anion channel","P31644"
"ALPRAZOLAM","GABA-A receptor; anion channel","P14867"
"ALPRAZOLAM","GABA-A receptor; anion channel","P18507"
"ALPRAZOLAM","GABA-A receptor; anion channel","Q99928"
"ALPRAZOLAM","GABA-A receptor; anion channel","P34903"
"ALPRAZOLAM","GABA-A receptor; anion channel","Q8N1C3"
"ALPRAZOLAM","GABA-A receptor; anion channel","P47869"
"ALPRAZOLAM","GABA-A receptor; anion channel","P31644"
"TRIAZOLAM","GABA-A receptor; anion channel","P14867"
"TRIAZOLAM","GABA-A receptor; anion channel","P18507"
"TRIAZOLAM","GABA-A receptor; anion channel","Q99928"
"TRIAZOLAM","GABA-A receptor; anion channel","P34903"
"TRIAZOLAM","GABA-A receptor; anion channel","Q8N1C3"
"TRIAZOLAM","GABA-A receptor; anion channel","P47869"
"TRIAZOLAM","GABA-A receptor; anion channel","P31644"
"BUTALBITAL","GABA-A receptor; anion channel","P47870"
"BUTALBITAL","GABA-A receptor; anion channel","P28472"
"BUTALBITAL","GABA-A receptor; anion channel","P18505"
"CLONAZEPAM","GABA-A receptor; anion channel","P14867"
"CLONAZEPAM","GABA-A receptor; anion channel","P18507"
"CLONAZEPAM","GABA-A receptor; anion channel","Q99928"
"CLONAZEPAM","GABA-A receptor; anion channel","P34903"
"CLONAZEPAM","GABA-A receptor; anion channel","Q8N1C3"
"CLONAZEPAM","GABA-A receptor; anion channel","P47869"
"CLONAZEPAM","GABA-A receptor; anion channel","P31644"
"ESTAZOLAM","GABA-A receptor; anion channel","P14867"
"ESTAZOLAM","GABA-A receptor; anion channel","P18507"
"ESTAZOLAM","GABA-A receptor; anion channel","Q99928"
"ESTAZOLAM","GABA-A receptor; anion channel","P34903"
"ESTAZOLAM","GABA-A receptor; anion channel","Q8N1C3"
"ESTAZOLAM","GABA-A receptor; anion channel","P47869"
"ESTAZOLAM","GABA-A receptor; anion channel","P31644"
"TALBUTAL","GABA-A receptor; anion channel","P47870"
"TALBUTAL","GABA-A receptor; anion channel","P28472"
"TALBUTAL","GABA-A receptor; anion channel","P18505"
"BUTABARBITAL SODIUM","GABA-A receptor; anion channel","P47870"
"BUTABARBITAL SODIUM","GABA-A receptor; anion channel","P28472"
"BUTABARBITAL SODIUM","GABA-A receptor; anion channel","P18505"
"LORAZEPAM","GABA-A receptor; anion channel","P14867"
"LORAZEPAM","GABA-A receptor; anion channel","P18507"
"LORAZEPAM","GABA-A receptor; anion channel","Q99928"
"LORAZEPAM","GABA-A receptor; anion channel","P34903"
"LORAZEPAM","GABA-A receptor; anion channel","Q8N1C3"
"LORAZEPAM","GABA-A receptor; anion channel","P47869"
"LORAZEPAM","GABA-A receptor; anion channel","P31644"
"METHARBITAL","GABA-A receptor; anion channel","P47870"
"METHARBITAL","GABA-A receptor; anion channel","P28472"
"METHARBITAL","GABA-A receptor; anion channel","P18505"
"METHOHEXITAL SODIUM","GABA-A receptor; anion channel","P47870"
"METHOHEXITAL SODIUM","GABA-A receptor; anion channel","P28472"
"METHOHEXITAL SODIUM","GABA-A receptor; anion channel","P18505"
"MIDAZOLAM HYDROCHLORIDE","GABA-A receptor; anion channel","P14867"
"MIDAZOLAM HYDROCHLORIDE","GABA-A receptor; anion channel","P18507"
"MIDAZOLAM HYDROCHLORIDE","GABA-A receptor; anion channel","Q99928"
"MIDAZOLAM HYDROCHLORIDE","GABA-A receptor; anion channel","P34903"
"MIDAZOLAM HYDROCHLORIDE","GABA-A receptor; anion channel","Q8N1C3"
"MIDAZOLAM HYDROCHLORIDE","GABA-A receptor; anion channel","P47869"
"MIDAZOLAM HYDROCHLORIDE","GABA-A receptor; anion channel","P31644"
"PRAZEPAM","GABA-A receptor; anion channel","P14867"
"PRAZEPAM","GABA-A receptor; anion channel","P18507"
"PRAZEPAM","GABA-A receptor; anion channel","Q99928"
"PRAZEPAM","GABA-A receptor; anion channel","P34903"
"PRAZEPAM","GABA-A receptor; anion channel","Q8N1C3"
"PRAZEPAM","GABA-A receptor; anion channel","P47869"
"PRAZEPAM","GABA-A receptor; anion channel","P31644"
"PRIMIDONE","GABA-A receptor; anion channel","P47870"
"PRIMIDONE","GABA-A receptor; anion channel","P28472"
"PRIMIDONE","GABA-A receptor; anion channel","P18505"
"QUAZEPAM","GABA-A receptor; anion channel","P14867"
"QUAZEPAM","GABA-A receptor; anion channel","P18507"
"QUAZEPAM","GABA-A receptor; anion channel","Q99928"
"QUAZEPAM","GABA-A receptor; anion channel","P34903"
"QUAZEPAM","GABA-A receptor; anion channel","Q8N1C3"
"QUAZEPAM","GABA-A receptor; anion channel","P47869"
"QUAZEPAM","GABA-A receptor; anion channel","P31644"
"PENTOBARBITAL","GABA-A receptor; anion channel","P47870"
"PENTOBARBITAL","GABA-A receptor; anion channel","P28472"
"PENTOBARBITAL","GABA-A receptor; anion channel","P18505"
"PENTOBARBITAL SODIUM","GABA-A receptor; anion channel","P47870"
"PENTOBARBITAL SODIUM","GABA-A receptor; anion channel","P28472"
"PENTOBARBITAL SODIUM","GABA-A receptor; anion channel","P18505"
"SECOBARBITAL SODIUM","GABA-A receptor; anion channel","P47870"
"SECOBARBITAL SODIUM","GABA-A receptor; anion channel","P28472"
"SECOBARBITAL SODIUM","GABA-A receptor; anion channel","P18505"
"TEMAZEPAM","GABA-A receptor; anion channel","P14867"
"TEMAZEPAM","GABA-A receptor; anion channel","P18507"
"TEMAZEPAM","GABA-A receptor; anion channel","Q99928"
"TEMAZEPAM","GABA-A receptor; anion channel","P34903"
"TEMAZEPAM","GABA-A receptor; anion channel","Q8N1C3"
"TEMAZEPAM","GABA-A receptor; anion channel","P47869"
"TEMAZEPAM","GABA-A receptor; anion channel","P31644"
"THIAMYLAL SODIUM","GABA-A receptor; anion channel","P47870"
"THIAMYLAL SODIUM","GABA-A receptor; anion channel","P28472"
"THIAMYLAL SODIUM","GABA-A receptor; anion channel","P18505"
"THIOPENTAL SODIUM","GABA-A receptor; anion channel","P47870"
"THIOPENTAL SODIUM","GABA-A receptor; anion channel","P28472"
"THIOPENTAL SODIUM","GABA-A receptor; anion channel","P18505"
"FLURAZEPAM HYDROCHLORIDE","GABA-A receptor; anion channel","P14867"
"FLURAZEPAM HYDROCHLORIDE","GABA-A receptor; anion channel","P18507"
"FLURAZEPAM HYDROCHLORIDE","GABA-A receptor; anion channel","Q99928"
"FLURAZEPAM HYDROCHLORIDE","GABA-A receptor; anion channel","P34903"
"FLURAZEPAM HYDROCHLORIDE","GABA-A receptor; anion channel","Q8N1C3"
"FLURAZEPAM HYDROCHLORIDE","GABA-A receptor; anion channel","P47869"
"FLURAZEPAM HYDROCHLORIDE","GABA-A receptor; anion channel","P31644"
"HALAZEPAM","GABA-A receptor; anion channel","P14867"
"HALAZEPAM","GABA-A receptor; anion channel","P18507"
"HALAZEPAM","GABA-A receptor; anion channel","Q99928"
"HALAZEPAM","GABA-A receptor; anion channel","P34903"
"HALAZEPAM","GABA-A receptor; anion channel","Q8N1C3"
"HALAZEPAM","GABA-A receptor; anion channel","P47869"
"HALAZEPAM","GABA-A receptor; anion channel","P31644"
"ZOLPIDEM TARTRATE","GABA A receptor alpha-1/beta-1/gamma-2","P18507"
"ZOLPIDEM TARTRATE","GABA A receptor alpha-1/beta-1/gamma-2","P18505"
"ZALEPLON","GABA A receptor alpha-1/beta-1/gamma-2","P18507"
"ZALEPLON","GABA A receptor alpha-1/beta-1/gamma-2","P18505"
"ALDESLEUKIN","Interleukin-2 receptor","P01589"
"ALDESLEUKIN","Interleukin-2 receptor","P14784"
"DACLIZUMAB","Interleukin-2 receptor","P01589"
"DENILEUKIN DIFTITOX","Interleukin-2 receptor","P01589"
"DENILEUKIN DIFTITOX","Interleukin-2 receptor","P14784"
"BASILIXIMAB","Interleukin-2 receptor","P01589"
"MUROMONAB-CD3","T cell surface glycoprotein CD3","P07766"
"SARGRAMOSTIM","Granulocyte-macrophage colony-stimulating factor receptor","P15509"
"USTEKINUMAB","Interleukin-12","P29460"
"USTEKINUMAB","Interleukin-23","P29460"
"PREGABALIN","Voltage-gated calcium channel","P54289"
"GABAPENTIN","Voltage-gated calcium channel","P54289"
"GABAPENTIN ENACARBIL","Voltage-gated calcium channel","P54289"
"EFALIZUMAB","Integrin alpha-L/beta-2 (LFA-1)","P20701"
"PRAMLINTIDE ACETATE","Amylin receptor AMY2; CALCR/RAMP2","P30988"
"IBRUTINIB","Tyrosine-protein kinase BTK","Q06187"
"ESOMEPRAZOLE STRONTIUM","Potassium-transporting ATPase","P20648"
"PALBOCICLIB","CDK6/cyclin D1","Q00534"
"PALBOCICLIB","Cyclin-dependent kinase 4/cyclin D1","P11802"
"IXAZOMIB CITRATE","26S proteasome","P28074"
"ADIPIPLON","GABA-A receptor; anion channel","P14867"
"ADIPIPLON","GABA-A receptor; anion channel","P18507"
"ADIPIPLON","GABA-A receptor; anion channel","Q99928"
"ADIPIPLON","GABA-A receptor; anion channel","P34903"
"ADIPIPLON","GABA-A receptor; anion channel","Q8N1C3"
"ADIPIPLON","GABA-A receptor; anion channel","P47869"
"ADIPIPLON","GABA-A receptor; anion channel","P31644"
"LOREDIPLON","GABA-A receptor; anion channel","P14867"
"LOREDIPLON","GABA-A receptor; anion channel","P18507"
"LOREDIPLON","GABA-A receptor; anion channel","Q99928"
"LOREDIPLON","GABA-A receptor; anion channel","P34903"
"LOREDIPLON","GABA-A receptor; anion channel","Q8N1C3"
"LOREDIPLON","GABA-A receptor; anion channel","P47869"
"LOREDIPLON","GABA-A receptor; anion channel","P31644"
"RESEQUINIL","GABA-A receptor; anion channel","P14867"
"RESEQUINIL","GABA-A receptor; anion channel","P18507"
"RESEQUINIL","GABA-A receptor; anion channel","Q99928"
"RESEQUINIL","GABA-A receptor; anion channel","P34903"
"RESEQUINIL","GABA-A receptor; anion channel","Q8N1C3"
"RESEQUINIL","GABA-A receptor; anion channel","P47869"
"RESEQUINIL","GABA-A receptor; anion channel","P31644"
"BRIAKINUMAB","Interleukin-23","P29460"
"BRIAKINUMAB","Interleukin-12","P29460"
"PAGOCLONE","GABA-A receptor; anion channel","P14867"
"PAGOCLONE","GABA-A receptor; anion channel","P18507"
"PAGOCLONE","GABA-A receptor; anion channel","Q99928"
"PAGOCLONE","GABA-A receptor; anion channel","P34903"
"PAGOCLONE","GABA-A receptor; anion channel","Q8N1C3"
"PAGOCLONE","GABA-A receptor; anion channel","P47869"
"PAGOCLONE","GABA-A receptor; anion channel","P31644"
"ABITUZUMAB","Integrin alpha-V/beta-1","P06756"
"ABITUZUMAB","Integrin alpha-V/beta-3","P06756"
"ABITUZUMAB","Integrin alpha-V/beta-5","P06756"
"ABITUZUMAB","Integrin alpha-V/beta-6","P06756"
"ABITUZUMAB","Integrin alpha-V/beta-8","P06756"
"GUSELKUMAB","Interleukin-23","Q9NPF7"
"TILDRAKIZUMAB","Interleukin-23","Q9NPF7"
"INTETUMUMAB","Integrin alpha-V/beta-3","P06756"
"INTETUMUMAB","Integrin alpha-V/beta-5","P06756"
"BRAZIKUMAB","Interleukin-23","Q9NPF7"
"CLOMETHIAZOLE","GABA-A receptor; anion channel","P47870"
"CLOMETHIAZOLE","GABA-A receptor; anion channel","P28472"
"CLOMETHIAZOLE","GABA-A receptor; anion channel","P18505"
"CLOTIAZEPAM","GABA-A receptor; anion channel","P14867"
"CLOTIAZEPAM","GABA-A receptor; anion channel","P18507"
"CLOTIAZEPAM","GABA-A receptor; anion channel","Q99928"
"CLOTIAZEPAM","GABA-A receptor; anion channel","P34903"
"CLOTIAZEPAM","GABA-A receptor; anion channel","Q8N1C3"
"CLOTIAZEPAM","GABA-A receptor; anion channel","P47869"
"CLOTIAZEPAM","GABA-A receptor; anion channel","P31644"
"MIDAZOLAM","GABA-A receptor; anion channel","P14867"
"MIDAZOLAM","GABA-A receptor; anion channel","P18507"
"MIDAZOLAM","GABA-A receptor; anion channel","Q99928"
"MIDAZOLAM","GABA-A receptor; anion channel","P34903"
"MIDAZOLAM","GABA-A receptor; anion channel","Q8N1C3"
"MIDAZOLAM","GABA-A receptor; anion channel","P47869"
"MIDAZOLAM","GABA-A receptor; anion channel","P31644"
"RISANKIZUMAB","Interleukin-23","Q9NPF7"
"POLATUZUMAB VEDOTIN","Tubulin","P68371"
"POLATUZUMAB VEDOTIN","Tubulin","Q9H4B7"
"POLATUZUMAB VEDOTIN","Tubulin","Q13509"
"POLATUZUMAB VEDOTIN","Tubulin","P04350"
"POLATUZUMAB VEDOTIN","Tubulin","Q3ZCM7"
"POLATUZUMAB VEDOTIN","Tubulin","P07437"
"POLATUZUMAB VEDOTIN","Tubulin","Q13885"
"POLATUZUMAB VEDOTIN","Tubulin","Q9BVA1"
"POLATUZUMAB VEDOTIN","Tubulin","Q9BUF5"
"RG-7841","Tubulin","P68371"
"RG-7841","Tubulin","Q9H4B7"
"RG-7841","Tubulin","Q13509"
"RG-7841","Tubulin","P04350"
"RG-7841","Tubulin","Q3ZCM7"
"RG-7841","Tubulin","P07437"
"RG-7841","Tubulin","Q13885"
"RG-7841","Tubulin","Q9BVA1"
"RG-7841","Tubulin","Q9BUF5"
"REMIMAZOLAM BESYLATE","GABA-A receptor; anion channel","P14867"
"REMIMAZOLAM BESYLATE","GABA-A receptor; anion channel","P18507"
"REMIMAZOLAM BESYLATE","GABA-A receptor; anion channel","Q99928"
"REMIMAZOLAM BESYLATE","GABA-A receptor; anion channel","P34903"
"REMIMAZOLAM BESYLATE","GABA-A receptor; anion channel","Q8N1C3"
"REMIMAZOLAM BESYLATE","GABA-A receptor; anion channel","P47869"
"REMIMAZOLAM BESYLATE","GABA-A receptor; anion channel","P31644"
"PF-06263507","Tubulin","P68371"
"PF-06263507","Tubulin","Q9H4B7"
"PF-06263507","Tubulin","Q13509"
"PF-06263507","Tubulin","P04350"
"PF-06263507","Tubulin","Q3ZCM7"
"PF-06263507","Tubulin","P07437"
"PF-06263507","Tubulin","Q13885"
"PF-06263507","Tubulin","Q9BVA1"
"PF-06263507","Tubulin","Q9BUF5"
"AZINTUXIZUMAB VEDOTIN","Tubulin","P68371"
"AZINTUXIZUMAB VEDOTIN","Tubulin","Q9H4B7"
"AZINTUXIZUMAB VEDOTIN","Tubulin","Q13509"
"AZINTUXIZUMAB VEDOTIN","Tubulin","P04350"
"AZINTUXIZUMAB VEDOTIN","Tubulin","Q3ZCM7"
"AZINTUXIZUMAB VEDOTIN","Tubulin","P07437"
"AZINTUXIZUMAB VEDOTIN","Tubulin","Q13885"
"AZINTUXIZUMAB VEDOTIN","Tubulin","Q9BVA1"
"AZINTUXIZUMAB VEDOTIN","Tubulin","Q9BUF5"
"ENAPOTAMAB VEDOTIN","Tubulin","P68371"
"ENAPOTAMAB VEDOTIN","Tubulin","Q9H4B7"
"ENAPOTAMAB VEDOTIN","Tubulin","Q13509"
"ENAPOTAMAB VEDOTIN","Tubulin","P04350"
"ENAPOTAMAB VEDOTIN","Tubulin","Q3ZCM7"
"ENAPOTAMAB VEDOTIN","Tubulin","P07437"
"ENAPOTAMAB VEDOTIN","Tubulin","Q13885"
"ENAPOTAMAB VEDOTIN","Tubulin","Q9BVA1"
"ENAPOTAMAB VEDOTIN","Tubulin","Q9BUF5"
"INDUSATUMAB VEDOTIN","Tubulin","P68371"
"INDUSATUMAB VEDOTIN","Tubulin","Q9H4B7"
"INDUSATUMAB VEDOTIN","Tubulin","Q13509"
"INDUSATUMAB VEDOTIN","Tubulin","P04350"
"INDUSATUMAB VEDOTIN","Tubulin","Q3ZCM7"
"INDUSATUMAB VEDOTIN","Tubulin","P07437"
"INDUSATUMAB VEDOTIN","Tubulin","Q13885"
"INDUSATUMAB VEDOTIN","Tubulin","Q9BVA1"
"INDUSATUMAB VEDOTIN","Tubulin","Q9BUF5"
"LADIRATUZUMAB VEDOTIN","Tubulin","P68371"
"LADIRATUZUMAB VEDOTIN","Tubulin","Q9H4B7"
"LADIRATUZUMAB VEDOTIN","Tubulin","Q13509"
"LADIRATUZUMAB VEDOTIN","Tubulin","P04350"
"LADIRATUZUMAB VEDOTIN","Tubulin","Q3ZCM7"
"LADIRATUZUMAB VEDOTIN","Tubulin","P07437"
"LADIRATUZUMAB VEDOTIN","Tubulin","Q13885"
"LADIRATUZUMAB VEDOTIN","Tubulin","Q9BVA1"
"LADIRATUZUMAB VEDOTIN","Tubulin","Q9BUF5"
"LIFASTUZUMAB VEDOTIN","Tubulin","P68371"
"LIFASTUZUMAB VEDOTIN","Tubulin","Q9H4B7"
"LIFASTUZUMAB VEDOTIN","Tubulin","Q13509"
"LIFASTUZUMAB VEDOTIN","Tubulin","P04350"
"LIFASTUZUMAB VEDOTIN","Tubulin","Q3ZCM7"
"LIFASTUZUMAB VEDOTIN","Tubulin","P07437"
"LIFASTUZUMAB VEDOTIN","Tubulin","Q13885"
"LIFASTUZUMAB VEDOTIN","Tubulin","Q9BVA1"
"LIFASTUZUMAB VEDOTIN","Tubulin","Q9BUF5"
"TELISOTUZUMAB VEDOTIN","Tubulin","P68371"
"TELISOTUZUMAB VEDOTIN","Tubulin","Q9H4B7"
"TELISOTUZUMAB VEDOTIN","Tubulin","Q13509"
"TELISOTUZUMAB VEDOTIN","Tubulin","P04350"
"TELISOTUZUMAB VEDOTIN","Tubulin","Q3ZCM7"
"TELISOTUZUMAB VEDOTIN","Tubulin","P07437"
"TELISOTUZUMAB VEDOTIN","Tubulin","Q13885"
"TELISOTUZUMAB VEDOTIN","Tubulin","Q9BVA1"
"TELISOTUZUMAB VEDOTIN","Tubulin","Q9BUF5"
"TISOTUMAB VEDOTIN","Tubulin","P68371"
"TISOTUMAB VEDOTIN","Tubulin","Q9H4B7"
"TISOTUMAB VEDOTIN","Tubulin","Q13509"
"TISOTUMAB VEDOTIN","Tubulin","P04350"
"TISOTUMAB VEDOTIN","Tubulin","Q3ZCM7"
"TISOTUMAB VEDOTIN","Tubulin","P07437"
"TISOTUMAB VEDOTIN","Tubulin","Q13885"
"TISOTUMAB VEDOTIN","Tubulin","Q9BVA1"
"TISOTUMAB VEDOTIN","Tubulin","Q9BUF5"
"BELANTAMAB MAFODOTIN","Tubulin","P68371"
"BELANTAMAB MAFODOTIN","Tubulin","Q9H4B7"
"BELANTAMAB MAFODOTIN","Tubulin","Q13509"
"BELANTAMAB MAFODOTIN","Tubulin","P04350"
"BELANTAMAB MAFODOTIN","Tubulin","Q3ZCM7"
"BELANTAMAB MAFODOTIN","Tubulin","P07437"
"BELANTAMAB MAFODOTIN","Tubulin","Q13885"
"BELANTAMAB MAFODOTIN","Tubulin","Q9BVA1"
"BELANTAMAB MAFODOTIN","Tubulin","Q9BUF5"
"IXAZOMIB","26S proteasome","P28074"
"MIRIKIZUMAB","Interleukin-23","Q9NPF7"
"BMS-275183","Tubulin","P68371"
"BMS-275183","Tubulin","Q9H4B7"
"BMS-275183","Tubulin","Q13509"
"BMS-275183","Tubulin","P04350"
"BMS-275183","Tubulin","Q3ZCM7"
"BMS-275183","Tubulin","P07437"
"BMS-275183","Tubulin","Q13885"
"BMS-275183","Tubulin","Q9BVA1"
"BMS-275183","Tubulin","Q9BUF5"
"EPOTHILONE D","Tubulin","P68371"
"EPOTHILONE D","Tubulin","Q9H4B7"
"EPOTHILONE D","Tubulin","Q13509"
"EPOTHILONE D","Tubulin","P04350"
"EPOTHILONE D","Tubulin","Q3ZCM7"
"EPOTHILONE D","Tubulin","P07437"
"EPOTHILONE D","Tubulin","Q13885"
"EPOTHILONE D","Tubulin","Q9BVA1"
"EPOTHILONE D","Tubulin","Q9BUF5"
"KOS-1584","Tubulin","P68371"
"KOS-1584","Tubulin","Q9H4B7"
"KOS-1584","Tubulin","Q13509"
"KOS-1584","Tubulin","P04350"
"KOS-1584","Tubulin","Q3ZCM7"
"KOS-1584","Tubulin","P07437"
"KOS-1584","Tubulin","Q13885"
"KOS-1584","Tubulin","Q9BVA1"
"KOS-1584","Tubulin","Q9BUF5"
"LAROTAXEL","Tubulin","P68371"
"LAROTAXEL","Tubulin","Q9H4B7"
"LAROTAXEL","Tubulin","Q13509"
"LAROTAXEL","Tubulin","P04350"
"LAROTAXEL","Tubulin","Q3ZCM7"
"LAROTAXEL","Tubulin","P07437"
"LAROTAXEL","Tubulin","Q13885"
"LAROTAXEL","Tubulin","Q9BVA1"
"LAROTAXEL","Tubulin","Q9BUF5"
"PACLITAXEL DOCOSAHEXAENOIC ACID","Tubulin","P68371"
"PACLITAXEL DOCOSAHEXAENOIC ACID","Tubulin","Q9H4B7"
"PACLITAXEL DOCOSAHEXAENOIC ACID","Tubulin","Q13509"
"PACLITAXEL DOCOSAHEXAENOIC ACID","Tubulin","P04350"
"PACLITAXEL DOCOSAHEXAENOIC ACID","Tubulin","Q3ZCM7"
"PACLITAXEL DOCOSAHEXAENOIC ACID","Tubulin","P07437"
"PACLITAXEL DOCOSAHEXAENOIC ACID","Tubulin","Q13885"
"PACLITAXEL DOCOSAHEXAENOIC ACID","Tubulin","Q9BVA1"
"PACLITAXEL DOCOSAHEXAENOIC ACID","Tubulin","Q9BUF5"
"AGS-16C3F","Tubulin","P68371"
"AGS-16C3F","Tubulin","Q9H4B7"
"AGS-16C3F","Tubulin","Q13509"
"AGS-16C3F","Tubulin","P04350"
"AGS-16C3F","Tubulin","Q3ZCM7"
"AGS-16C3F","Tubulin","P07437"
"AGS-16C3F","Tubulin","Q13885"
"AGS-16C3F","Tubulin","Q9BVA1"
"AGS-16C3F","Tubulin","Q9BUF5"
"PATUPILONE","Tubulin","P68371"
"PATUPILONE","Tubulin","Q9H4B7"
"PATUPILONE","Tubulin","Q13509"
"PATUPILONE","Tubulin","P04350"
"PATUPILONE","Tubulin","Q3ZCM7"
"PATUPILONE","Tubulin","P07437"
"PATUPILONE","Tubulin","Q13885"
"PATUPILONE","Tubulin","Q9BVA1"
"PATUPILONE","Tubulin","Q9BUF5"
"APRUTUMAB IXADOTIN","Tubulin","P68371"
"APRUTUMAB IXADOTIN","Tubulin","Q9H4B7"
"APRUTUMAB IXADOTIN","Tubulin","Q13509"
"APRUTUMAB IXADOTIN","Tubulin","P04350"
"APRUTUMAB IXADOTIN","Tubulin","Q3ZCM7"
"APRUTUMAB IXADOTIN","Tubulin","P07437"
"APRUTUMAB IXADOTIN","Tubulin","Q13885"
"APRUTUMAB IXADOTIN","Tubulin","Q9BVA1"
"APRUTUMAB IXADOTIN","Tubulin","Q9BUF5"
"ASG-5ME","Tubulin","P68371"
"ASG-5ME","Tubulin","Q9H4B7"
"ASG-5ME","Tubulin","Q13509"
"ASG-5ME","Tubulin","P04350"
"ASG-5ME","Tubulin","Q3ZCM7"
"ASG-5ME","Tubulin","P07437"
"ASG-5ME","Tubulin","Q13885"
"ASG-5ME","Tubulin","Q9BVA1"
"ASG-5ME","Tubulin","Q9BUF5"
"ENFORTUMAB VEDOTIN","Tubulin","P68371"
"ENFORTUMAB VEDOTIN","Tubulin","Q9H4B7"
"ENFORTUMAB VEDOTIN","Tubulin","Q13509"
"ENFORTUMAB VEDOTIN","Tubulin","P04350"
"ENFORTUMAB VEDOTIN","Tubulin","Q3ZCM7"
"ENFORTUMAB VEDOTIN","Tubulin","P07437"
"ENFORTUMAB VEDOTIN","Tubulin","Q13885"
"ENFORTUMAB VEDOTIN","Tubulin","Q9BVA1"
"ENFORTUMAB VEDOTIN","Tubulin","Q9BUF5"
"GLEMBATUMUMAB VEDOTIN","Tubulin","P68371"
"GLEMBATUMUMAB VEDOTIN","Tubulin","Q9H4B7"
"GLEMBATUMUMAB VEDOTIN","Tubulin","Q13509"
"GLEMBATUMUMAB VEDOTIN","Tubulin","P04350"
"GLEMBATUMUMAB VEDOTIN","Tubulin","Q3ZCM7"
"GLEMBATUMUMAB VEDOTIN","Tubulin","P07437"
"GLEMBATUMUMAB VEDOTIN","Tubulin","Q13885"
"GLEMBATUMUMAB VEDOTIN","Tubulin","Q9BVA1"
"GLEMBATUMUMAB VEDOTIN","Tubulin","Q9BUF5"
"PINATUZUMAB VEDOTIN","Tubulin","P68371"
"PINATUZUMAB VEDOTIN","Tubulin","Q9H4B7"
"PINATUZUMAB VEDOTIN","Tubulin","Q13509"
"PINATUZUMAB VEDOTIN","Tubulin","P04350"
"PINATUZUMAB VEDOTIN","Tubulin","Q3ZCM7"
"PINATUZUMAB VEDOTIN","Tubulin","P07437"
"PINATUZUMAB VEDOTIN","Tubulin","Q13885"
"PINATUZUMAB VEDOTIN","Tubulin","Q9BVA1"
"PINATUZUMAB VEDOTIN","Tubulin","Q9BUF5"
"RG-7600","Tubulin","P68371"
"RG-7600","Tubulin","Q9H4B7"
"RG-7600","Tubulin","Q13509"
"RG-7600","Tubulin","P04350"
"RG-7600","Tubulin","Q3ZCM7"
"RG-7600","Tubulin","P07437"
"RG-7600","Tubulin","Q13885"
"RG-7600","Tubulin","Q9BVA1"
"RG-7600","Tubulin","Q9BUF5"
"RG-7636","Tubulin","P68371"
"RG-7636","Tubulin","Q9H4B7"
"RG-7636","Tubulin","Q13509"
"RG-7636","Tubulin","P04350"
"RG-7636","Tubulin","Q3ZCM7"
"RG-7636","Tubulin","P07437"
"RG-7636","Tubulin","Q13885"
"RG-7636","Tubulin","Q9BVA1"
"RG-7636","Tubulin","Q9BUF5"
"SOFITUZUMAB VEDOTIN","Tubulin","P68371"
"SOFITUZUMAB VEDOTIN","Tubulin","Q9H4B7"
"SOFITUZUMAB VEDOTIN","Tubulin","Q13509"
"SOFITUZUMAB VEDOTIN","Tubulin","P04350"
"SOFITUZUMAB VEDOTIN","Tubulin","Q3ZCM7"
"SOFITUZUMAB VEDOTIN","Tubulin","P07437"
"SOFITUZUMAB VEDOTIN","Tubulin","Q13885"
"SOFITUZUMAB VEDOTIN","Tubulin","Q9BVA1"
"SOFITUZUMAB VEDOTIN","Tubulin","Q9BUF5"
"VANDORTUZUMAB VEDOTIN","Tubulin","P68371"
"VANDORTUZUMAB VEDOTIN","Tubulin","Q9H4B7"
"VANDORTUZUMAB VEDOTIN","Tubulin","Q13509"
"VANDORTUZUMAB VEDOTIN","Tubulin","P04350"
"VANDORTUZUMAB VEDOTIN","Tubulin","Q3ZCM7"
"VANDORTUZUMAB VEDOTIN","Tubulin","P07437"
"VANDORTUZUMAB VEDOTIN","Tubulin","Q13885"
"VANDORTUZUMAB VEDOTIN","Tubulin","Q9BVA1"
"VANDORTUZUMAB VEDOTIN","Tubulin","Q9BUF5"
"EBDAROKIMAB","Interleukin-12","P29460"
"PADSEVONIL","GABA-A receptor; anion channel","P14867"
"PADSEVONIL","GABA-A receptor; anion channel","P18507"
"PADSEVONIL","GABA-A receptor; anion channel","Q99928"
"PADSEVONIL","GABA-A receptor; anion channel","P34903"
"PADSEVONIL","GABA-A receptor; anion channel","Q8N1C3"
"PADSEVONIL","GABA-A receptor; anion channel","P47869"
"PADSEVONIL","GABA-A receptor; anion channel","P31644"
"EBDAROKIMAB","Interleukin-23","P29460"
"LANATOSIDE C","Sodium/potassium-transporting ATPase","P05023"
"LANATOSIDE C","Sodium/potassium-transporting ATPase","P50993"
"LANATOSIDE C","Sodium/potassium-transporting ATPase","P13637"
"LANATOSIDE C","Sodium/potassium-transporting ATPase","Q13733"
"RECOMBINANT HUMAN INTERLEUKIN-15","Interleukin-15 receptor","Q13261"
"TRASTUZUMAB BOTIDOTIN","Tubulin","P68371"
"TRASTUZUMAB BOTIDOTIN","Tubulin","Q9H4B7"
"TRASTUZUMAB BOTIDOTIN","Tubulin","Q13509"
"TRASTUZUMAB BOTIDOTIN","Tubulin","P04350"
"TRASTUZUMAB BOTIDOTIN","Tubulin","Q3ZCM7"
"TRASTUZUMAB BOTIDOTIN","Tubulin","P07437"
"TRASTUZUMAB BOTIDOTIN","Tubulin","Q13885"
"TRASTUZUMAB BOTIDOTIN","Tubulin","Q9BVA1"
"TRASTUZUMAB BOTIDOTIN","Tubulin","Q9BUF5"
"RG-7598","Tubulin","P68371"
"RG-7598","Tubulin","Q9H4B7"
"RG-7598","Tubulin","Q13509"
"RG-7598","Tubulin","P04350"
"RG-7598","Tubulin","Q3ZCM7"
"RG-7598","Tubulin","P07437"
"RG-7598","Tubulin","Q13885"
"RG-7598","Tubulin","Q9BVA1"
"RG-7598","Tubulin","Q9BUF5"
